,SSE for KMeans,SSE for DBSCAN,Entropy for KMeans,Entropy for DBSCAN,Purity for KMeans,Purity for DBSCAN
0,2077.5574784224473,2848.2069218474667,2.1029377798302007,2.082472700393476,0.34602076124567477,0.33217993079584773
